{"cameraMode":{"drawMode":0,"name":"Shaded","section":"Shading Mode"},"sceneLighting":true,"audioPlay":false,"sceneViewState":{"m_AlwaysRefresh":false,"showFog":true,"showSkybox":true,"showFlares":true,"showImageEffects":true,"showParticleSystems":true,"showVisualEffectGraphs":true,"m_FxEnabled":true},"in2DMode":false,"pivot":{"x":-0.7770885229110718,"y":1.4577672481536866,"z":3.0712451934814455},"rotation":{"x":0.15801773965358735,"y":0.17961850762367249,"z":-0.02924264594912529,"w":0.9705397486686707},"size":0.3927127718925476,"orthographic":false}