{"cameraMode":{"drawMode":0,"name":"Shaded","section":"Shading Mode"},"sceneLighting":false,"audioPlay":false,"sceneViewState":{"m_AlwaysRefresh":false,"showFog":true,"showSkybox":false,"showFlares":true,"showImageEffects":true,"showParticleSystems":true,"showVisualEffectGraphs":true,"m_FxEnabled":true},"in2DMode":false,"pivot":{"x":454.5190124511719,"y":301.92669677734377,"z":-6.099998950958252},"rotation":{"x":0.25602206587791445,"y":-0.0014543300494551659,"z":0.0003733007761184126,"w":0.9666903614997864},"size":63.738277435302737,"orthographic":false}